{
    "N": 140.0,
    "P": 145.0,
    "K": 205.0,
    "temperature": 43.67549305,
    "humidity": 99.98187601,
    "ph": 9.93509073,
    "rainfall": 298.5601175
}