{
    "N": 0.0,
    "P": 5.0,
    "K": 5.0,
    "temperature": 8.825674745,
    "humidity": 14.25803981,
    "ph": 3.504752314,
    "rainfall": 20.21126747
}